,CAR_ID,NUTS_ID,URBAN-RURAL CATEGORY ,URBAN-RURAL LABEL
0,10019,ITC11,1,perdominantly urban
1,10270,ITC11,1,perdominantly urban
2,12023,ITC11,1,perdominantly urban
3,12078,ITC11,1,perdominantly urban
4,12169,ITC11,1,perdominantly urban
5,12210,ITC11,1,perdominantly urban
6,12696,ITC11,1,perdominantly urban
7,13007,ITC11,1,perdominantly urban
8,13009,ITC11,1,perdominantly urban
9,13074,ITC11,1,perdominantly urban
10,13247,ITC11,1,perdominantly urban
11,13281,ITC11,1,perdominantly urban
12,13324,ITC11,1,perdominantly urban
13,13553,ITC11,1,perdominantly urban
14,13579,ITC11,1,perdominantly urban
15,13586,ITC11,1,perdominantly urban
16,1762,ITC11,1,perdominantly urban
17,1786,ITC11,1,perdominantly urban
18,2405,ITC11,1,perdominantly urban
19,2627,ITC11,1,perdominantly urban
20,2808,ITC11,1,perdominantly urban
21,2863,ITC11,1,perdominantly urban
22,288,ITC11,1,perdominantly urban
23,3314,ITC11,1,perdominantly urban
24,5988,ITC11,1,perdominantly urban
25,6545,ITC11,1,perdominantly urban
26,6824,ITC11,1,perdominantly urban
27,6882,ITC11,1,perdominantly urban
28,7260,ITC11,1,perdominantly urban
29,7964,ITC11,1,perdominantly urban
30,8081,ITC11,1,perdominantly urban
31,908,ITC11,1,perdominantly urban
32,9597,ITC11,1,perdominantly urban
33,9687,ITC11,1,perdominantly urban
34,9697,ITC11,1,perdominantly urban
35,10020,ITH55,2,intermediate
36,1018,ITH55,2,intermediate
37,1044,ITH55,2,intermediate
38,1149,ITH55,2,intermediate
39,1151,ITH55,2,intermediate
40,1154,ITH55,2,intermediate
41,1155,ITH55,2,intermediate
42,1161,ITH55,2,intermediate
43,1167,ITH55,2,intermediate
44,11851,ITH55,2,intermediate
45,12128,ITH55,2,intermediate
46,12195,ITH55,2,intermediate
47,12233,ITH55,2,intermediate
48,12508,ITH55,2,intermediate
49,12525,ITH55,2,intermediate
50,12557,ITH55,2,intermediate
51,12620,ITH55,2,intermediate
52,12634,ITH55,2,intermediate
53,12688,ITH55,2,intermediate
54,12930,ITH55,2,intermediate
55,12932,ITH55,2,intermediate
56,13191,ITH55,2,intermediate
57,13311,ITH55,2,intermediate
58,1471,ITH55,2,intermediate
59,1656,ITH55,2,intermediate
60,1710,ITH55,2,intermediate
61,1793,ITH55,2,intermediate
62,1824,ITH55,2,intermediate
63,1882,ITH55,2,intermediate
64,1894,ITH55,2,intermediate
65,1917,ITH55,2,intermediate
66,192,ITH55,2,intermediate
67,1920,ITH55,2,intermediate
68,1922,ITH55,2,intermediate
69,1936,ITH55,2,intermediate
70,1937,ITH55,2,intermediate
71,2067,ITH55,2,intermediate
72,2089,ITH55,2,intermediate
73,2099,ITH55,2,intermediate
74,2140,ITH55,2,intermediate
75,2147,ITH55,2,intermediate
76,2162,ITH55,2,intermediate
77,2214,ITH55,2,intermediate
78,2215,ITH55,2,intermediate
79,2218,ITH55,2,intermediate
80,2223,ITH55,2,intermediate
81,2232,ITH55,2,intermediate
82,2252,ITH55,2,intermediate
83,2258,ITH55,2,intermediate
84,2259,ITH55,2,intermediate
85,2271,ITH55,2,intermediate
86,2283,ITH55,2,intermediate
87,2363,ITH55,2,intermediate
88,2388,ITH55,2,intermediate
89,2404,ITH55,2,intermediate
90,2464,ITH55,2,intermediate
91,2477,ITH55,2,intermediate
92,2488,ITH55,2,intermediate
93,2496,ITH55,2,intermediate
94,2520,ITH55,2,intermediate
95,2522,ITH55,2,intermediate
96,2527,ITH55,2,intermediate
97,2531,ITH55,2,intermediate
98,2532,ITH55,2,intermediate
99,2533,ITH55,2,intermediate
100,2582,ITH55,2,intermediate
101,263,ITH55,2,intermediate
102,2648,ITH55,2,intermediate
103,268,ITH55,2,intermediate
104,2682,ITH55,2,intermediate
105,2688,ITH55,2,intermediate
106,280,ITH55,2,intermediate
107,2855,ITH55,2,intermediate
108,2868,ITH55,2,intermediate
109,2873,ITH55,2,intermediate
110,2874,ITH55,2,intermediate
111,289,ITH55,2,intermediate
112,2912,ITH55,2,intermediate
113,2935,ITH55,2,intermediate
114,2945,ITH55,2,intermediate
115,2982,ITH55,2,intermediate
116,3034,ITH55,2,intermediate
117,3036,ITH55,2,intermediate
118,3047,ITH55,2,intermediate
119,3094,ITH55,2,intermediate
120,3111,ITH55,2,intermediate
121,3120,ITH55,2,intermediate
122,3121,ITH55,2,intermediate
123,3135,ITH55,2,intermediate
124,3184,ITH55,2,intermediate
125,3192,ITH55,2,intermediate
126,3210,ITH55,2,intermediate
127,3218,ITH55,2,intermediate
128,3226,ITH55,2,intermediate
129,3231,ITH55,2,intermediate
130,3236,ITH55,2,intermediate
131,3241,ITH55,2,intermediate
132,3242,ITH55,2,intermediate
133,3258,ITH55,2,intermediate
134,328,ITH55,2,intermediate
135,3286,ITH55,2,intermediate
136,3294,ITH55,2,intermediate
137,3302,ITH55,2,intermediate
138,3303,ITH55,2,intermediate
139,332,ITH55,2,intermediate
140,3331,ITH55,2,intermediate
141,3334,ITH55,2,intermediate
142,3340,ITH55,2,intermediate
143,3412,ITH55,2,intermediate
144,3448,ITH55,2,intermediate
145,3453,ITH55,2,intermediate
146,3475,ITH55,2,intermediate
147,3483,ITH55,2,intermediate
148,3487,ITH55,2,intermediate
149,3497,ITH55,2,intermediate
150,3505,ITH55,2,intermediate
151,3507,ITH55,2,intermediate
152,3526,ITH55,2,intermediate
153,3530,ITH55,2,intermediate
154,3542,ITH55,2,intermediate
155,3592,ITH55,2,intermediate
156,3593,ITH55,2,intermediate
157,3597,ITH55,2,intermediate
158,366,ITH55,2,intermediate
159,383,ITH55,2,intermediate
160,390,ITH55,2,intermediate
161,395,ITH55,2,intermediate
162,398,ITH55,2,intermediate
163,403,ITH55,2,intermediate
164,4094,ITH55,2,intermediate
165,4303,ITH55,2,intermediate
166,454,ITH55,2,intermediate
167,467,ITH55,2,intermediate
168,490,ITH55,2,intermediate
169,492,ITH55,2,intermediate
170,507,ITH55,2,intermediate
171,557,ITH55,2,intermediate
172,562,ITH55,2,intermediate
173,5931,ITH55,2,intermediate
174,5978,ITH55,2,intermediate
175,5979,ITH55,2,intermediate
176,624,ITH55,2,intermediate
177,689,ITH55,2,intermediate
178,752,ITH55,2,intermediate
179,8229,ITH55,2,intermediate
180,8279,ITH55,2,intermediate
181,848,ITH55,2,intermediate
182,8503,ITH55,2,intermediate
183,8644,ITH55,2,intermediate
184,8646,ITH55,2,intermediate
185,9023,ITH55,2,intermediate
186,9024,ITH55,2,intermediate
187,9068,ITH55,2,intermediate
188,9090,ITH55,2,intermediate
189,9121,ITH55,2,intermediate
190,9122,ITH55,2,intermediate
191,9126,ITH55,2,intermediate
192,9163,ITH55,2,intermediate
193,9165,ITH55,2,intermediate
194,9171,ITH55,2,intermediate
195,9196,ITH55,2,intermediate
196,9239,ITH55,2,intermediate
197,9242,ITH55,2,intermediate
198,9244,ITH55,2,intermediate
199,9252,ITH55,2,intermediate
200,9290,ITH55,2,intermediate
201,9291,ITH55,2,intermediate
202,962,ITH55,2,intermediate
203,9689,ITH55,2,intermediate
204,9711,ITH55,2,intermediate
205,9981,ITH55,2,intermediate
206,1007,ITI13,1,perdominantly urban
207,11915,ITI13,1,perdominantly urban
208,2339,ITI13,1,perdominantly urban
209,2475,ITI13,1,perdominantly urban
210,2476,ITI13,1,perdominantly urban
211,2483,ITI13,1,perdominantly urban
212,4298,ITI13,1,perdominantly urban
213,4350,ITI13,1,perdominantly urban
214,4413,ITI13,1,perdominantly urban
215,8108,ITI13,1,perdominantly urban
216,10102,ITC4C,1,perdominantly urban
217,10183,ITC4C,1,perdominantly urban
218,1047,ITC4C,1,perdominantly urban
219,1051,ITC4C,1,perdominantly urban
220,11822,ITC4C,1,perdominantly urban
221,11826,ITC4C,1,perdominantly urban
222,11832,ITC4C,1,perdominantly urban
223,11844,ITC4C,1,perdominantly urban
224,11859,ITC4C,1,perdominantly urban
225,11979,ITC4C,1,perdominantly urban
226,12006,ITC4C,1,perdominantly urban
227,12067,ITC4C,1,perdominantly urban
228,12069,ITC4C,1,perdominantly urban
229,12118,ITC4C,1,perdominantly urban
230,12319,ITC4C,1,perdominantly urban
231,12390,ITC4C,1,perdominantly urban
232,12391,ITC4C,1,perdominantly urban
233,12402,ITC4C,1,perdominantly urban
234,12495,ITC4C,1,perdominantly urban
235,12534,ITC4C,1,perdominantly urban
236,12963,ITC4C,1,perdominantly urban
237,13120,ITC4C,1,perdominantly urban
238,13245,ITC4C,1,perdominantly urban
239,13258,ITC4C,1,perdominantly urban
240,13304,ITC4C,1,perdominantly urban
241,13332,ITC4C,1,perdominantly urban
242,13344,ITC4C,1,perdominantly urban
243,13370,ITC4C,1,perdominantly urban
244,13378,ITC4C,1,perdominantly urban
245,1342,ITC4C,1,perdominantly urban
246,13422,ITC4C,1,perdominantly urban
247,13549,ITC4C,1,perdominantly urban
248,1412,ITC4C,1,perdominantly urban
249,1459,ITC4C,1,perdominantly urban
250,1575,ITC4C,1,perdominantly urban
251,1607,ITC4C,1,perdominantly urban
252,1996,ITC4C,1,perdominantly urban
253,2130,ITC4C,1,perdominantly urban
254,2133,ITC4C,1,perdominantly urban
255,2294,ITC4C,1,perdominantly urban
256,2297,ITC4C,1,perdominantly urban
257,2310,ITC4C,1,perdominantly urban
258,2313,ITC4C,1,perdominantly urban
259,2439,ITC4C,1,perdominantly urban
260,2615,ITC4C,1,perdominantly urban
261,2672,ITC4C,1,perdominantly urban
262,2750,ITC4C,1,perdominantly urban
263,2889,ITC4C,1,perdominantly urban
264,2901,ITC4C,1,perdominantly urban
265,2951,ITC4C,1,perdominantly urban
266,3093,ITC4C,1,perdominantly urban
267,3136,ITC4C,1,perdominantly urban
268,3332,ITC4C,1,perdominantly urban
269,3460,ITC4C,1,perdominantly urban
270,3662,ITC4C,1,perdominantly urban
271,3665,ITC4C,1,perdominantly urban
272,3667,ITC4C,1,perdominantly urban
273,3687,ITC4C,1,perdominantly urban
274,3695,ITC4C,1,perdominantly urban
275,3697,ITC4C,1,perdominantly urban
276,3700,ITC4C,1,perdominantly urban
277,3702,ITC4C,1,perdominantly urban
278,3703,ITC4C,1,perdominantly urban
279,3716,ITC4C,1,perdominantly urban
280,3730,ITC4C,1,perdominantly urban
281,3734,ITC4C,1,perdominantly urban
282,3767,ITC4C,1,perdominantly urban
283,4901,ITC4C,1,perdominantly urban
284,4971,ITC4C,1,perdominantly urban
285,5296,ITC4C,1,perdominantly urban
286,5437,ITC4C,1,perdominantly urban
287,5792,ITC4C,1,perdominantly urban
288,5891,ITC4C,1,perdominantly urban
289,5902,ITC4C,1,perdominantly urban
290,6866,ITC4C,1,perdominantly urban
291,6999,ITC4C,1,perdominantly urban
292,7053,ITC4C,1,perdominantly urban
293,7308,ITC4C,1,perdominantly urban
294,7359,ITC4C,1,perdominantly urban
295,7365,ITC4C,1,perdominantly urban
296,7368,ITC4C,1,perdominantly urban
297,7371,ITC4C,1,perdominantly urban
298,7428,ITC4C,1,perdominantly urban
299,7447,ITC4C,1,perdominantly urban
300,7452,ITC4C,1,perdominantly urban
301,7491,ITC4C,1,perdominantly urban
302,7497,ITC4C,1,perdominantly urban
303,7522,ITC4C,1,perdominantly urban
304,7525,ITC4C,1,perdominantly urban
305,7527,ITC4C,1,perdominantly urban
306,7569,ITC4C,1,perdominantly urban
307,7648,ITC4C,1,perdominantly urban
308,7786,ITC4C,1,perdominantly urban
309,7788,ITC4C,1,perdominantly urban
310,7799,ITC4C,1,perdominantly urban
311,7804,ITC4C,1,perdominantly urban
312,7809,ITC4C,1,perdominantly urban
313,7817,ITC4C,1,perdominantly urban
314,7912,ITC4C,1,perdominantly urban
315,7922,ITC4C,1,perdominantly urban
316,7965,ITC4C,1,perdominantly urban
317,7984,ITC4C,1,perdominantly urban
318,8257,ITC4C,1,perdominantly urban
319,8292,ITC4C,1,perdominantly urban
320,8452,ITC4C,1,perdominantly urban
321,8536,ITC4C,1,perdominantly urban
322,8656,ITC4C,1,perdominantly urban
323,8770,ITC4C,1,perdominantly urban
324,8808,ITC4C,1,perdominantly urban
325,945,ITC4C,1,perdominantly urban
326,9505,ITC4C,1,perdominantly urban
327,9561,ITC4C,1,perdominantly urban
328,9575,ITC4C,1,perdominantly urban
329,9607,ITC4C,1,perdominantly urban
330,9628,ITC4C,1,perdominantly urban
331,9631,ITC4C,1,perdominantly urban
332,9639,ITC4C,1,perdominantly urban
333,9708,ITC4C,1,perdominantly urban
334,10107,ITH32,2,intermediate
335,12991,ITH32,2,intermediate
336,13005,ITH32,2,intermediate
337,13243,ITH32,2,intermediate
338,13376,ITH32,2,intermediate
339,4766,ITH32,2,intermediate
340,6228,ITH32,2,intermediate
341,1021,ITH58,2,intermediate
342,13540,ITH58,2,intermediate
343,1737,ITH58,2,intermediate
344,1813,ITH58,2,intermediate
345,1964,ITH58,2,intermediate
346,1966,ITH58,2,intermediate
347,1976,ITH58,2,intermediate
348,1977,ITH58,2,intermediate
349,203,ITH58,2,intermediate
350,211,ITH58,2,intermediate
351,2188,ITH58,2,intermediate
352,220,ITH58,2,intermediate
353,2209,ITH58,2,intermediate
354,2324,ITH58,2,intermediate
355,243,ITH58,2,intermediate
356,2543,ITH58,2,intermediate
357,2620,ITH58,2,intermediate
358,2725,ITH58,2,intermediate
359,2894,ITH58,2,intermediate
360,295,ITH58,2,intermediate
361,3439,ITH58,2,intermediate
362,3663,ITH58,2,intermediate
363,3728,ITH58,2,intermediate
364,525,ITH58,2,intermediate
365,593,ITH58,2,intermediate
366,594,ITH58,2,intermediate
367,7307,ITH58,2,intermediate
368,8175,ITH58,2,intermediate
369,8180,ITH58,2,intermediate
370,8183,ITH58,2,intermediate
371,8218,ITH58,2,intermediate
372,8262,ITH58,2,intermediate
373,8281,ITH58,2,intermediate
374,8314,ITH58,2,intermediate
375,854,ITH58,2,intermediate
376,93,ITH58,2,intermediate
377,10224,ITC42,1,perdominantly urban
378,12164,ITC42,1,perdominantly urban
379,12509,ITC42,1,perdominantly urban
380,12801,ITC42,1,perdominantly urban
381,12852,ITC42,1,perdominantly urban
382,12997,ITC42,1,perdominantly urban
383,13309,ITC42,1,perdominantly urban
384,13356,ITC42,1,perdominantly urban
385,7518,ITC42,1,perdominantly urban
386,7573,ITC42,1,perdominantly urban
387,7773,ITC42,1,perdominantly urban
388,7779,ITC42,1,perdominantly urban
389,782,ITC42,1,perdominantly urban
390,8240,ITC42,1,perdominantly urban
391,8943,ITC42,1,perdominantly urban
392,942,ITC42,1,perdominantly urban
393,9569,ITC42,1,perdominantly urban
394,10231,ITC4D,1,perdominantly urban
395,10379,ITC4D,1,perdominantly urban
396,11894,ITC4D,1,perdominantly urban
397,11981,ITC4D,1,perdominantly urban
398,12024,ITC4D,1,perdominantly urban
399,12035,ITC4D,1,perdominantly urban
400,12036,ITC4D,1,perdominantly urban
401,12151,ITC4D,1,perdominantly urban
402,12513,ITC4D,1,perdominantly urban
403,12865,ITC4D,1,perdominantly urban
404,12945,ITC4D,1,perdominantly urban
405,13294,ITC4D,1,perdominantly urban
406,13316,ITC4D,1,perdominantly urban
407,13355,ITC4D,1,perdominantly urban
408,3750,ITC4D,1,perdominantly urban
409,3769,ITC4D,1,perdominantly urban
410,3779,ITC4D,1,perdominantly urban
411,4854,ITC4D,1,perdominantly urban
412,5271,ITC4D,1,perdominantly urban
413,5511,ITC4D,1,perdominantly urban
414,7434,ITC4D,1,perdominantly urban
415,7444,ITC4D,1,perdominantly urban
416,7499,ITC4D,1,perdominantly urban
417,7507,ITC4D,1,perdominantly urban
418,7515,ITC4D,1,perdominantly urban
419,7516,ITC4D,1,perdominantly urban
420,7530,ITC4D,1,perdominantly urban
421,7546,ITC4D,1,perdominantly urban
422,7564,ITC4D,1,perdominantly urban
423,7566,ITC4D,1,perdominantly urban
424,7578,ITC4D,1,perdominantly urban
425,7580,ITC4D,1,perdominantly urban
426,7756,ITC4D,1,perdominantly urban
427,7762,ITC4D,1,perdominantly urban
428,7819,ITC4D,1,perdominantly urban
429,8224,ITC4D,1,perdominantly urban
430,8227,ITC4D,1,perdominantly urban
431,8936,ITC4D,1,perdominantly urban
432,8942,ITC4D,1,perdominantly urban
433,8947,ITC4D,1,perdominantly urban
434,9104,ITC4D,1,perdominantly urban
435,9620,ITC4D,1,perdominantly urban
436,9625,ITC4D,1,perdominantly urban
437,10286,ITC4A,2,intermediate
438,11949,ITC4A,2,intermediate
439,12392,ITC4A,2,intermediate
440,13012,ITC4A,2,intermediate
441,13539,ITC4A,2,intermediate
442,13576,ITC4A,2,intermediate
443,7992,ITC4A,2,intermediate
444,8253,ITC4A,2,intermediate
445,8712,ITC4A,2,intermediate
446,10306,ITC43,1,perdominantly urban
447,12686,ITC43,1,perdominantly urban
448,13282,ITC43,1,perdominantly urban
449,2820,ITC43,1,perdominantly urban
450,3676,ITC43,1,perdominantly urban
451,4046,ITC43,1,perdominantly urban
452,8934,ITC43,1,perdominantly urban
453,9564,ITC43,1,perdominantly urban
454,9968,ITC43,1,perdominantly urban
455,10311,ITH53,2,intermediate
456,1092,ITH53,2,intermediate
457,11860,ITH53,2,intermediate
458,12043,ITH53,2,intermediate
459,12132,ITH53,2,intermediate
460,12135,ITH53,2,intermediate
461,12224,ITH53,2,intermediate
462,12262,ITH53,2,intermediate
463,12584,ITH53,2,intermediate
464,12794,ITH53,2,intermediate
465,12802,ITH53,2,intermediate
466,1477,ITH53,2,intermediate
467,1807,ITH53,2,intermediate
468,185,ITH53,2,intermediate
469,1970,ITH53,2,intermediate
470,1972,ITH53,2,intermediate
471,2124,ITH53,2,intermediate
472,2257,ITH53,2,intermediate
473,2272,ITH53,2,intermediate
474,2413,ITH53,2,intermediate
475,2563,ITH53,2,intermediate
476,2879,ITH53,2,intermediate
477,2996,ITH53,2,intermediate
478,3315,ITH53,2,intermediate
479,3342,ITH53,2,intermediate
480,3588,ITH53,2,intermediate
481,4264,ITH53,2,intermediate
482,4377,ITH53,2,intermediate
483,495,ITH53,2,intermediate
484,588,ITH53,2,intermediate
485,7606,ITH53,2,intermediate
486,8194,ITH53,2,intermediate
487,8207,ITH53,2,intermediate
488,8213,ITH53,2,intermediate
489,8665,ITH53,2,intermediate
490,894,ITH53,2,intermediate
491,9323,ITH53,2,intermediate
492,985,ITH53,2,intermediate
493,10317,ITC18,3,predominantly rural
494,11886,ITC18,3,predominantly rural
495,13033,ITC18,3,predominantly rural
496,13183,ITC18,3,predominantly rural
497,13342,ITC18,3,predominantly rural
498,2738,ITC18,3,predominantly rural
499,4362,ITC18,3,predominantly rural
500,862,ITC18,3,predominantly rural
501,883,ITC18,3,predominantly rural
502,9720,ITC18,3,predominantly rural
503,10381,ITH52,2,intermediate
504,12280,ITH52,2,intermediate
505,2391,ITH52,2,intermediate
506,3132,ITH52,2,intermediate
507,3199,ITH52,2,intermediate
508,3212,ITH52,2,intermediate
509,3254,ITH52,2,intermediate
510,3450,ITH52,2,intermediate
511,4014,ITH52,2,intermediate
512,4284,ITH52,2,intermediate
513,6355,ITH52,2,intermediate
514,6483,ITH52,2,intermediate
515,80,ITH52,2,intermediate
516,802,ITH52,2,intermediate
517,1048,ITH56,2,intermediate
518,1117,ITH56,2,intermediate
519,12184,ITH56,2,intermediate
520,12574,ITH56,2,intermediate
521,2349,ITH56,2,intermediate
522,2870,ITH56,2,intermediate
523,3156,ITH56,2,intermediate
524,832,ITH56,2,intermediate
525,10713,ITI16,2,intermediate
526,1075,ITH44,1,perdominantly urban
527,13246,ITH44,1,perdominantly urban
528,2249,ITH44,1,perdominantly urban
529,8759,ITH44,1,perdominantly urban
530,1094,ITH54,2,intermediate
531,11848,ITH54,2,intermediate
532,12214,ITH54,2,intermediate
533,12228,ITH54,2,intermediate
534,12235,ITH54,2,intermediate
535,13038,ITH54,2,intermediate
536,13291,ITH54,2,intermediate
537,1474,ITH54,2,intermediate
538,1481,ITH54,2,intermediate
539,1637,ITH54,2,intermediate
540,1728,ITH54,2,intermediate
541,1744,ITH54,2,intermediate
542,1861,ITH54,2,intermediate
543,1885,ITH54,2,intermediate
544,1912,ITH54,2,intermediate
545,2192,ITH54,2,intermediate
546,2240,ITH54,2,intermediate
547,2392,ITH54,2,intermediate
548,2491,ITH54,2,intermediate
549,2521,ITH54,2,intermediate
550,2536,ITH54,2,intermediate
551,2575,ITH54,2,intermediate
552,278,ITH54,2,intermediate
553,2783,ITH54,2,intermediate
554,2815,ITH54,2,intermediate
555,2832,ITH54,2,intermediate
556,290,ITH54,2,intermediate
557,3030,ITH54,2,intermediate
558,3107,ITH54,2,intermediate
559,312,ITH54,2,intermediate
560,3185,ITH54,2,intermediate
561,3250,ITH54,2,intermediate
562,3261,ITH54,2,intermediate
563,3267,ITH54,2,intermediate
564,3285,ITH54,2,intermediate
565,3398,ITH54,2,intermediate
566,3452,ITH54,2,intermediate
567,3456,ITH54,2,intermediate
568,3484,ITH54,2,intermediate
569,372,ITH54,2,intermediate
570,406,ITH54,2,intermediate
571,4260,ITH54,2,intermediate
572,446,ITH54,2,intermediate
573,471,ITH54,2,intermediate
574,5602,ITH54,2,intermediate
575,571,ITH54,2,intermediate
576,7574,ITH54,2,intermediate
577,8640,ITH54,2,intermediate
578,8784,ITH54,2,intermediate
579,9150,ITH54,2,intermediate
580,9217,ITH54,2,intermediate
581,9258,ITH54,2,intermediate
582,993,ITH54,2,intermediate
583,1095,ITC17,3,predominantly rural
584,12114,ITC17,3,predominantly rural
585,12604,ITC17,3,predominantly rural
586,1466,ITC17,3,predominantly rural
587,3130,ITC17,3,predominantly rural
588,960,ITC17,3,predominantly rural
589,1125,ITC31,1,perdominantly urban
590,13034,ITC31,1,perdominantly urban
591,2559,ITC31,1,perdominantly urban
592,11557,ITC47,2,intermediate
593,12004,ITC47,2,intermediate
594,12103,ITC47,2,intermediate
595,12221,ITC47,2,intermediate
596,12706,ITC47,2,intermediate
597,13106,ITC47,2,intermediate
598,2314,ITC47,2,intermediate
599,2378,ITC47,2,intermediate
600,2544,ITC47,2,intermediate
601,4276,ITC47,2,intermediate
602,5166,ITC47,2,intermediate
603,5821,ITC47,2,intermediate
604,7309,ITC47,2,intermediate
605,7349,ITC47,2,intermediate
606,7535,ITC47,2,intermediate
607,7541,ITC47,2,intermediate
608,8223,ITC47,2,intermediate
609,8258,ITC47,2,intermediate
610,9108,ITC47,2,intermediate
611,9110,ITC47,2,intermediate
612,9278,ITC47,2,intermediate
613,9654,ITC47,2,intermediate
614,9655,ITC47,2,intermediate
615,11882,ITC41,1,perdominantly urban
616,12692,ITC41,1,perdominantly urban
617,12859,ITC41,1,perdominantly urban
618,13420,ITC41,1,perdominantly urban
619,235,ITC41,1,perdominantly urban
620,3696,ITC41,1,perdominantly urban
621,5431,ITC41,1,perdominantly urban
622,7533,ITC41,1,perdominantly urban
623,8716,ITC41,1,perdominantly urban
624,9560,ITC41,1,perdominantly urban
625,9578,ITC41,1,perdominantly urban
626,11914,ITI15,1,perdominantly urban
627,11975,ITI15,1,perdominantly urban
628,12791,ITI15,1,perdominantly urban
629,2635,ITI15,1,perdominantly urban
630,690,ITI15,1,perdominantly urban
631,7099,ITI15,1,perdominantly urban
632,7108,ITI15,1,perdominantly urban
633,12005,ITH20,2,intermediate
634,1449,ITH20,2,intermediate
635,287,ITH20,2,intermediate
636,384,ITH20,2,intermediate
637,4023,ITH20,2,intermediate
638,4040,ITH20,2,intermediate
639,4052,ITH20,2,intermediate
640,4067,ITH20,2,intermediate
641,4095,ITH20,2,intermediate
642,4417,ITH20,2,intermediate
643,4432,ITH20,2,intermediate
644,7002,ITH20,2,intermediate
645,7047,ITH20,2,intermediate
646,7957,ITH20,2,intermediate
647,9128,ITH20,2,intermediate
648,953,ITH20,2,intermediate
649,12060,ITC46,1,perdominantly urban
650,12222,ITC46,1,perdominantly urban
651,12851,ITC46,1,perdominantly urban
652,12856,ITC46,1,perdominantly urban
653,13572,ITC46,1,perdominantly urban
654,2574,ITC46,1,perdominantly urban
655,4338,ITC46,1,perdominantly urban
656,5934,ITC46,1,perdominantly urban
657,7350,ITC46,1,perdominantly urban
658,7713,ITC46,1,perdominantly urban
659,8375,ITC46,1,perdominantly urban
660,12101,ITC15,2,intermediate
661,12225,ITC15,2,intermediate
662,13538,ITC15,2,intermediate
663,1464,ITC15,2,intermediate
664,1734,ITC15,2,intermediate
665,2164,ITC15,2,intermediate
666,2318,ITC15,2,intermediate
667,2443,ITC15,2,intermediate
668,463,ITC15,2,intermediate
669,4890,ITC15,2,intermediate
670,5909,ITC15,2,intermediate
671,8766,ITC15,2,intermediate
672,12162,ITF33,1,perdominantly urban
673,8882,ITF33,1,perdominantly urban
674,12201,ITI18,2,intermediate
675,7110,ITI18,2,intermediate
676,8228,ITI18,2,intermediate
677,12205,ITC49,2,intermediate
678,12499,ITC49,2,intermediate
679,13023,ITC49,2,intermediate
680,6553,ITC49,2,intermediate
681,12226,ITH34,2,intermediate
682,3488,ITH34,2,intermediate
683,5842,ITH34,2,intermediate
684,7042,ITH34,2,intermediate
685,9653,ITH34,2,intermediate
686,12357,ITI14,1,perdominantly urban
687,12570,ITI14,1,perdominantly urban
688,12666,ITI14,1,perdominantly urban
689,13233,ITI14,1,perdominantly urban
690,13542,ITI14,1,perdominantly urban
691,2542,ITI14,1,perdominantly urban
692,2597,ITI14,1,perdominantly urban
693,2604,ITI14,1,perdominantly urban
694,2655,ITI14,1,perdominantly urban
695,324,ITI14,1,perdominantly urban
696,3423,ITI14,1,perdominantly urban
697,3454,ITI14,1,perdominantly urban
698,4331,ITI14,1,perdominantly urban
699,4340,ITI14,1,perdominantly urban
700,5687,ITI14,1,perdominantly urban
701,683,ITI14,1,perdominantly urban
702,6860,ITI14,1,perdominantly urban
703,7100,ITI14,1,perdominantly urban
704,7105,ITI14,1,perdominantly urban
705,7900,ITI14,1,perdominantly urban
706,8291,ITI14,1,perdominantly urban
707,8296,ITI14,1,perdominantly urban
708,8298,ITI14,1,perdominantly urban
709,8300,ITI14,1,perdominantly urban
710,8735,ITI14,1,perdominantly urban
711,8757,ITI14,1,perdominantly urban
712,907,ITI14,1,perdominantly urban
713,12453,ITI19,3,predominantly rural
714,12490,ITI19,3,predominantly rural
715,12642,ITI19,3,predominantly rural
716,13440,ITI19,3,predominantly rural
717,13556,ITI19,3,predominantly rural
718,3424,ITI19,3,predominantly rural
719,344,ITI19,3,predominantly rural
720,4239,ITI19,3,predominantly rural
721,7902,ITI19,3,predominantly rural
722,8295,ITI19,3,predominantly rural
723,863,ITI19,3,predominantly rural
724,9688,ITI19,3,predominantly rural
725,12804,ITH51,2,intermediate
726,1428,ITH51,2,intermediate
727,1968,ITH51,2,intermediate
728,1973,ITH51,2,intermediate
729,2818,ITH51,2,intermediate
730,3145,ITH51,2,intermediate
731,3323,ITH51,2,intermediate
732,3438,ITH51,2,intermediate
733,3440,ITH51,2,intermediate
734,3495,ITH51,2,intermediate
735,3541,ITH51,2,intermediate
736,3714,ITH51,2,intermediate
737,4226,ITH51,2,intermediate
738,724,ITH51,2,intermediate
739,8271,ITH51,2,intermediate
740,8274,ITH51,2,intermediate
741,8282,ITH51,2,intermediate
742,8316,ITH51,2,intermediate
743,12814,ITH10,3,predominantly rural
744,1910,ITH10,3,predominantly rural
745,2814,ITH10,3,predominantly rural
746,4287,ITH10,3,predominantly rural
747,696,ITH10,3,predominantly rural
748,12906,ITH31,2,intermediate
749,1726,ITH31,2,intermediate
750,1757,ITH31,2,intermediate
751,1858,ITH31,2,intermediate
752,1872,ITH31,2,intermediate
753,1877,ITH31,2,intermediate
754,1883,ITH31,2,intermediate
755,1887,ITH31,2,intermediate
756,1892,ITH31,2,intermediate
757,1897,ITH31,2,intermediate
758,1918,ITH31,2,intermediate
759,1954,ITH31,2,intermediate
760,2220,ITH31,2,intermediate
761,2875,ITH31,2,intermediate
762,357,ITH31,2,intermediate
763,472,ITH31,2,intermediate
764,487,ITH31,2,intermediate
765,8219,ITH31,2,intermediate
766,84,ITH31,2,intermediate
767,9123,ITH31,2,intermediate
768,9129,ITH31,2,intermediate
769,9131,ITH31,2,intermediate
770,9133,ITH31,2,intermediate
771,9135,ITH31,2,intermediate
772,9140,ITH31,2,intermediate
773,9164,ITH31,2,intermediate
774,9174,ITH31,2,intermediate
775,9227,ITH31,2,intermediate
776,9235,ITH31,2,intermediate
777,9237,ITH31,2,intermediate
778,9241,ITH31,2,intermediate
779,9245,ITH31,2,intermediate
780,9275,ITH31,2,intermediate
781,12927,ITI1A,3,predominantly rural
782,3096,ITI1A,3,predominantly rural
783,3102,ITI1A,3,predominantly rural
784,691,ITI1A,3,predominantly rural
785,6934,ITI1A,3,predominantly rural
786,6949,ITI1A,3,predominantly rural
787,7380,ITI1A,3,predominantly rural
788,8069,ITI1A,3,predominantly rural
789,8986,ITI1A,3,predominantly rural
790,12952,ITC20,2,intermediate
791,12988,ITC20,2,intermediate
792,13166,ITC20,2,intermediate
793,1856,ITC20,2,intermediate
794,1921,ITC20,2,intermediate
795,2080,ITC20,2,intermediate
796,12999,ITH42,2,intermediate
797,6186,ITH42,2,intermediate
798,13003,ITH43,1,perdominantly urban
799,13122,ITH43,1,perdominantly urban
800,6217,ITH43,1,perdominantly urban
801,990,ITH43,1,perdominantly urban
802,13011,ITC48,2,intermediate
803,2135,ITC48,2,intermediate
804,2344,ITC48,2,intermediate
805,3256,ITC48,2,intermediate
806,544,ITC48,2,intermediate
807,6649,ITC48,2,intermediate
808,951,ITC48,2,intermediate
809,13022,ITH57,2,intermediate
810,1721,ITH57,2,intermediate
811,3105,ITH57,2,intermediate
812,3122,ITH57,2,intermediate
813,3230,ITH57,2,intermediate
814,3430,ITH57,2,intermediate
815,4093,ITH57,2,intermediate
816,4294,ITH57,2,intermediate
817,441,ITH57,2,intermediate
818,5552,ITH57,2,intermediate
819,5864,ITH57,2,intermediate
820,8317,ITH57,2,intermediate
821,13088,ITH59,1,perdominantly urban
822,9562,ITH59,1,perdominantly urban
823,9614,ITH59,1,perdominantly urban
824,13132,ITC14,2,intermediate
825,3278,ITC14,2,intermediate
826,13156,ITC34,1,perdominantly urban
827,2471,ITC34,1,perdominantly urban
828,2481,ITC34,1,perdominantly urban
829,13159,ITC33,1,perdominantly urban
830,13327,ITC33,1,perdominantly urban
831,13473,ITC33,1,perdominantly urban
832,1554,ITC33,1,perdominantly urban
833,2765,ITC33,1,perdominantly urban
834,4411,ITC33,1,perdominantly urban
835,598,ITC33,1,perdominantly urban
836,6427,ITC33,1,perdominantly urban
837,7353,ITC33,1,perdominantly urban
838,13192,ITI12,2,intermediate
839,1529,ITI12,2,intermediate
840,996,ITI12,2,intermediate
841,13303,ITC44,2,intermediate
842,7543,ITC44,2,intermediate
843,7740,ITC44,2,intermediate
844,8939,ITC44,2,intermediate
845,8940,ITC44,2,intermediate
846,8946,ITC44,2,intermediate
847,13307,ITH33,3,predominantly rural
848,13431,ITI17,2,intermediate
849,3350,ITI17,2,intermediate
850,3404,ITI17,2,intermediate
851,5496,ITI17,2,intermediate
852,8984,ITI17,2,intermediate
853,13453,ITC16,3,predominantly rural
854,214,ITC16,3,predominantly rural
855,3359,ITC16,3,predominantly rural
856,13483,ITC13,2,intermediate
857,1489,ITC32,2,intermediate
858,1559,ITH36,2,intermediate
859,2260,ITH36,2,intermediate
860,2400,ITH36,2,intermediate
861,2845,ITH36,2,intermediate
862,2910,ITH36,2,intermediate
863,7376,ITH36,2,intermediate
864,938,ITH36,2,intermediate
865,1727,ITH35,1,perdominantly urban
866,2490,ITH35,1,perdominantly urban
867,2073,ITH41,2,intermediate
868,2171,ITH41,2,intermediate
869,2175,ITH41,2,intermediate
870,9634,ITH41,2,intermediate
871,3252,ITC4B,3,predominantly rural
872,6194,ITC4B,3,predominantly rural
873,6419,ITC4B,3,predominantly rural
874,9229,ITC4B,3,predominantly rural
875,9232,ITC4B,3,predominantly rural
876,9427,ITC4B,3,predominantly rural
877,333,ITI21,2,intermediate
878,8042,ITI21,2,intermediate
879,3476,ITI11,2,intermediate
880,5041,ITI11,2,intermediate
881,6370,ITI11,2,intermediate
882,849,ITI11,2,intermediate
883,3742,ITG2D,2,intermediate
884,4073,ITF64,3,predominantly rural
885,5769,ITI44,2,intermediate
886,6507,ITI41,3,predominantly rural
887,8214,ITC12,2,intermediate
888,8309,ITF48,1,perdominantly urban
889,8354,ITG2E,3,predominantly rural
890,8663,ITF35,2,intermediate
891,905,ITF34,2,intermediate
892,941,ITI43,1,perdominantly urban
893,9534,ITI43,1,perdominantly urban
